{"stats":{"minecraft:custom":{"minecraft:time_since_rest":25722,"minecraft:crouch_one_cm":82,"minecraft:sprint_one_cm":13452,"minecraft:play_time":25722,"minecraft:damage_taken":150,"minecraft:walk_one_cm":6606,"minecraft:sneak_time":214,"minecraft:walk_under_water_one_cm":859,"minecraft:drop":5,"minecraft:jump":135,"minecraft:damage_dealt":9,"minecraft:leave_game":1,"minecraft:walk_on_water_one_cm":383,"minecraft:time_since_death":25722,"minecraft:total_world_time":25722,"minecraft:fall_one_cm":3460,"minecraft:fly_one_cm":158839},"minecraft:dropped":{"minecraft:redstone_torch":2,"minecraft:command_block":3},"minecraft:used":{"minecraft:redstone_torch":1,"minecraft:repeater":1,"minecraft:dirt":1,"minecraft:command_block":1,"minecraft:redstone":3},"minecraft:picked_up":{"minecraft:wheat_seeds":3,"minecraft:dirt":16},"minecraft:mined":{"minecraft:grass":36,"minecraft:tall_grass":5}},"DataVersion":3465}