{"stats":{"minecraft:dropped":{"minecraft:redstone_torch":1},"minecraft:mined":{"minecraft:tall_grass":5,"minecraft:grass":36},"minecraft:custom":{"minecraft:jump":105,"minecraft:time_since_rest":9103,"minecraft:damage_dealt":9,"minecraft:damage_taken":150,"minecraft:leave_game":1,"minecraft:play_time":9103,"minecraft:sprint_one_cm":9780,"minecraft:time_since_death":9103,"minecraft:walk_on_water_one_cm":383,"minecraft:walk_one_cm":2608,"minecraft:sneak_time":141,"minecraft:total_world_time":9103,"minecraft:walk_under_water_one_cm":859,"minecraft:drop":1,"minecraft:fall_one_cm":3460,"minecraft:fly_one_cm":82859},"minecraft:used":{"minecraft:redstone":3,"minecraft:repeater":1},"minecraft:picked_up":{"minecraft:wheat_seeds":3}},"DataVersion":3465}