{"stats":{"minecraft:killed":{"minecraft:sheep":1},"minecraft:custom":{"minecraft:time_since_rest":141,"minecraft:crouch_one_cm":10,"minecraft:play_time":12722,"minecraft:sprint_one_cm":4990,"minecraft:deaths":1,"minecraft:damage_taken":40,"minecraft:walk_one_cm":4531,"minecraft:sneak_time":180,"minecraft:mob_kills":1,"minecraft:jump":31,"minecraft:damage_dealt":114,"minecraft:leave_game":1,"minecraft:time_since_death":0,"minecraft:walk_on_water_one_cm":147,"minecraft:total_world_time":12722,"minecraft:fall_one_cm":659,"minecraft:fly_one_cm":121887},"minecraft:used":{"minecraft:netherite_boots":1,"minecraft:white_wool":8,"minecraft:netherite_leggings":2,"minecraft:netherite_chestplate":2,"minecraft:netherite_helmet":2},"minecraft:picked_up":{"minecraft:mutton":1,"minecraft:white_wool":1}},"DataVersion":3465}