{"stats":{"minecraft:custom":{"minecraft:time_since_rest":16573,"minecraft:sprint_one_cm":24237,"minecraft:walk_one_cm":12576,"minecraft:damage_taken":40,"minecraft:mob_kills":13,"minecraft:interact_with_anvil":3,"minecraft:damage_dealt":7054,"minecraft:fly_one_cm":213289,"minecraft:crouch_one_cm":10,"minecraft:play_time":29154,"minecraft:deaths":1,"minecraft:sneak_time":223,"minecraft:jump":136,"minecraft:leave_game":1,"minecraft:time_since_death":16374,"minecraft:walk_on_water_one_cm":229,"minecraft:total_world_time":29154,"minecraft:fall_one_cm":659},"minecraft:used":{"minecraft:netherite_sword":13,"minecraft:villager_spawn_egg":39,"minecraft:command_block":1,"minecraft:netherite_chestplate":2,"minecraft:netherite_hoe":2,"minecraft:redstone_block":3,"minecraft:netherite_boots":1,"minecraft:white_wool":8,"minecraft:anvil":2,"minecraft:netherite_leggings":2,"minecraft:wolf_spawn_egg":1,"minecraft:netherite_helmet":2},"minecraft:picked_up":{"minecraft:sculk_catalyst":1,"minecraft:chicken":1,"minecraft:wither_rose":2,"minecraft:dirt":6,"minecraft:bone":64,"minecraft:beef":1,"minecraft:wolf_spawn_egg":64,"minecraft:mutton":1,"minecraft:acacia_sapling":1,"minecraft:white_wool":1,"minecraft:nether_star":1},"minecraft:killed":{"minecraft:sheep":1,"minecraft:wolf":2,"minecraft:bee":1,"minecraft:chicken":1,"minecraft:allay":2,"minecraft:warden":1,"minecraft:villager":2,"minecraft:creeper":1,"minecraft:enderman":1,"minecraft:cow":1}},"DataVersion":3465}