{"stats":{"minecraft:custom":{"minecraft:time_since_rest":16417,"minecraft:crouch_one_cm":60,"minecraft:sprint_one_cm":4888,"minecraft:play_time":28622,"minecraft:deaths":1,"minecraft:walk_one_cm":8378,"minecraft:sneak_time":132,"minecraft:mob_kills":56,"minecraft:drop":2,"minecraft:jump":38,"minecraft:damage_dealt":40,"minecraft:walk_on_water_one_cm":342,"minecraft:time_since_death":16302,"minecraft:total_world_time":28622,"minecraft:fly_one_cm":71474,"minecraft:fall_one_cm":209},"minecraft:dropped":{"minecraft:wolf_spawn_egg":64,"minecraft:bone":64},"minecraft:used":{"minecraft:redstone_torch":5,"minecraft:command_block":12,"minecraft:wolf_spawn_egg":1,"minecraft:redstone_block":32,"minecraft:allay_spawn_egg":16},"minecraft:picked_up":{"minecraft:wheat_seeds":1,"minecraft:nether_star":1},"minecraft:mined":{"minecraft:tall_grass":3},"minecraft:killed":{"minecraft:skeleton":1,"minecraft:spider":3,"minecraft:zombie":4,"minecraft:villager":21,"minecraft:creeper":3,"minecraft:cow":2,"minecraft:allay":5}},"DataVersion":3465}