{"stats":{"minecraft:mined":{"minecraft:tall_grass":3},"minecraft:custom":{"minecraft:jump":23,"minecraft:time_since_rest":141,"minecraft:damage_dealt":40,"minecraft:crouch_one_cm":34,"minecraft:deaths":1,"minecraft:sprint_one_cm":4279,"minecraft:play_time":12346,"minecraft:walk_on_water_one_cm":136,"minecraft:time_since_death":26,"minecraft:walk_one_cm":3880,"minecraft:sneak_time":66,"minecraft:total_world_time":12346,"minecraft:fall_one_cm":209,"minecraft:fly_one_cm":12392},"minecraft:used":{"minecraft:redstone_torch":5,"minecraft:redstone_block":23,"minecraft:command_block":9},"minecraft:picked_up":{"minecraft:wheat_seeds":1}},"DataVersion":3465}