{"stats":{"minecraft:custom":{"minecraft:jump":52,"minecraft:time_since_rest":2979,"minecraft:leave_game":1,"minecraft:walk_on_water_one_cm":91,"minecraft:sprint_one_cm":6881,"minecraft:play_time":2979,"minecraft:damage_taken":20,"minecraft:time_since_death":2979,"minecraft:walk_one_cm":1477,"minecraft:sneak_time":14,"minecraft:total_world_time":2979,"minecraft:fall_one_cm":1298,"minecraft:fly_one_cm":15396},"minecraft:mined":{"minecraft:grass":1,"minecraft:acacia_log":2},"minecraft:picked_up":{"minecraft:acacia_log":2},"minecraft:crafted":{"minecraft:acacia_planks":8}},"DataVersion":3465}