{"stats":{"minecraft:killed_by":{"minecraft:drowned":1},"minecraft:mined":{"minecraft:grass":1,"minecraft:acacia_log":2},"minecraft:custom":{"minecraft:time_since_rest":3471,"minecraft:deaths":1,"minecraft:damage_dealt":92,"minecraft:damage_taken":400,"minecraft:leave_game":1,"minecraft:play_time":8696,"minecraft:sprint_one_cm":10126,"minecraft:time_since_death":3444,"minecraft:walk_on_water_one_cm":91,"minecraft:walk_one_cm":5325,"minecraft:sneak_time":48,"minecraft:total_world_time":8696,"minecraft:fall_one_cm":3797,"minecraft:fly_one_cm":29097,"minecraft:jump":92},"minecraft:used":{"minecraft:redstone_torch":1},"minecraft:crafted":{"minecraft:acacia_planks":8},"minecraft:picked_up":{"minecraft:redstone_torch":1,"minecraft:acacia_log":2}},"DataVersion":3465}