{"stats":{"minecraft:custom":{"minecraft:time_since_rest":21128,"minecraft:crouch_one_cm":70,"minecraft:sprint_one_cm":24912,"minecraft:play_time":26353,"minecraft:deaths":1,"minecraft:damage_taken":400,"minecraft:walk_one_cm":15053,"minecraft:sneak_time":234,"minecraft:mob_kills":2,"minecraft:jump":169,"minecraft:damage_dealt":1162,"minecraft:leave_game":2,"minecraft:walk_on_water_one_cm":91,"minecraft:time_since_death":21101,"minecraft:total_world_time":26353,"minecraft:fall_one_cm":3797,"minecraft:fly_one_cm":129791},"minecraft:killed_by":{"minecraft:drowned":1},"minecraft:used":{"minecraft:redstone_torch":4,"minecraft:netherite_sword":10,"minecraft:tnt":4,"minecraft:egg":16},"minecraft:picked_up":{"minecraft:rotten_flesh":3,"minecraft:wheat_seeds":2,"minecraft:acacia_log":2,"minecraft:iron_ingot":5,"minecraft:redstone_torch":3,"minecraft:poppy":1,"minecraft:acacia_sapling":1,"minecraft:dirt":80,"minecraft:egg":1},"minecraft:crafted":{"minecraft:acacia_planks":8},"minecraft:mined":{"minecraft:grass":1,"minecraft:acacia_log":2},"minecraft:killed":{"minecraft:iron_golem":1,"minecraft:zombie":1}},"DataVersion":3465}